seller_id,policy,spend,clicks,revenue,roas,surplus
seller_1,aggressive,282.8999999999958,2829.0,1900.0,6.716154118063018,1617.1000000000042
seller_2,roi_driven,0.30000000000000004,3.0,0.0,0.0,-0.30000000000000004
seller_3,conservative,27.50000000000012,275.0,200.0,7.2727272727272405,172.4999999999999
