seller_id,policy,spend,clicks,revenue,roas,surplus
seller_1,aggressive,150.09999999999576,1501.0,1050.0,6.99533644237195,899.9000000000042
seller_2,roi_driven,132.29999999999677,1323.0,700.0,5.29100529100542,567.7000000000032
seller_3,conservative,28.90000000000014,289.0,200.0,6.920415224913461,171.09999999999985
