seller_id,cogs_ratio,spend,clicks,conversions,revenue,roas,rocs,surplus
seller_1,0.8999999999999999,0.0,1348.0,17.0,850.0,0.0,0.0,850.0
seller_2,0.8999999999999999,0.0,1363.0,13.0,650.0,0.0,0.0,650.0
seller_3,0.8999999999999999,0.0,1368.0,19.0,950.0,0.0,0.0,950.0
