opportunities,platform_revenue,social_welfare,user_experience,slots,reserve_cpc,ts_start,ts_end
300000.0,407.8999999999897,2450.0,0.040749239893448544,3.0,0.30000000000000004,5112501600.0,5112801600.0
