seller_id,cogs_ratio,spend,clicks,conversions,revenue,roas,rocs,surplus
seller_1,0.8999999999999999,134.8000000000011,1348.0,17.0,850.0,19.069543021310125,10.348680114917086,715.1999999999989
seller_2,0.8999999999999999,136.30000000000112,1363.0,13.0,650.0,14.430363509056875,7.101254456339812,513.6999999999989
seller_3,0.8999999999999999,136.80000000000115,1368.0,19.0,950.0,20.714715276995236,11.500300693896666,813.1999999999989
