seller_id,policy,spend,clicks,revenue,roas,surplus
seller_1,aggressive,201.6000000000014,2016.0,1050.0,5.2083333333332975,848.3999999999986
seller_2,roi_driven,0.9000000000000001,9.0,0.0,0.0,-0.9000000000000001
seller_3,conservative,165.00000000000153,1650.0,1150.0,6.969696969696905,984.9999999999984
