opportunities,platform_revenue,social_welfare,user_experience,slots,reserve_cpc,ts_start,ts_end
300000.0,2084.3111377541136,5600.0,0.023717800265986383,9.0,0.0,5112501600.0,5112801600.0
