seller_id,cogs_ratio,spend,clicks,conversions,revenue,roas,rocs,surplus
A,1.5,448.55648978810524,2025.0,18.0,900.0,5.99668906366499,-0.0016554681675049476,451.44351021189476
B,1.2000000000000002,645.9072253039202,2331.0,33.0,1980.0,9.157605750562753,2.494563450337652,1334.0927746960797
C,1.7999999999999998,989.8474226620881,2635.0,34.0,2720.0,8.294229963808759,0.3176919855235037,1730.1525773379117
