seller_id,policy,spend,clicks,revenue,roas,surplus
seller_1,aggressive,215.724415660366,500.0,300.0,1.390663171257891,84.27558433963401
seller_2,roi_driven,153.9778426913699,1502.0,750.0,4.870830678562532,596.0221573086301
seller_3,conservative,200.0198812678509,1456.0,950.0,4.7495278668215715,749.9801187321491
seller_4,risk_averse,200.09347280862718,1011.0,500.0,2.498832135709937,299.9065271913728
seller_5,exploratory,200.18261245609008,933.0,850.0,4.246123025227512,649.81738754391
