seller_id,cogs_ratio,spend,clicks,conversions,revenue,roas,rocs,surplus
seller_1,0.8999999999999999,579.9429280269828,2339.0,28.0,1400.0,7.325215149201661,2.1276506044411625,820.0570719730172
seller_2,0.8999999999999999,579.8226997899216,2428.0,27.0,1350.0,7.081701719178758,1.9571912034251309,770.1773002100784
seller_3,0.8999999999999999,554.8626935356058,2350.0,31.0,1550.0,8.24125161594267,2.768876131159867,995.1373064643942
