seller_id,cogs_ratio,spend,clicks,conversions,revenue,roas,rocs,surplus
A,1.5,231.55261095923174,1675.0,25.0,1250.0,19.130971305132448,6.565485652566224,1018.4473890407683
B,1.2000000000000002,1386.7011432369704,2475.0,29.0,1740.0,3.881107800937732,-0.6713353194373606,353.29885676302945
C,1.7999999999999998,1948.4440113283165,2740.0,34.0,2720.0,4.454039574000912,-1.2183841703996348,771.5559886716835
