seller_id,policy,spend,clicks,revenue,roas,surplus
seller_1,aggressive,297.7999999999959,2978.0,1700.0,5.708529214237822,1402.2000000000041
seller_2,roi_driven,0.0,0.0,0.0,,0.0
seller_3,conservative,10.899999999999999,109.0,0.0,0.0,-10.899999999999999
