opportunities,platform_revenue,social_welfare,user_experience,slots,reserve_cpc,ts_start,ts_end
300000.0,3575.2997072707585,5640.0,0.023245519868874825,9.0,0.0,5112501600.0,5112801600.0
