seller_id,cogs_ratio,spend,clicks,conversions,revenue,roas,rocs,surplus
A,1.5,230.41561106657397,1795.0,22.0,1100.0,15.086200836690754,4.543100418345377,869.584388933426
B,1.2000000000000002,1403.3225664733332,2463.0,29.0,1740.0,3.8997769023865985,-0.6601338585680412,336.6774335266669
C,1.7999999999999998,1941.5615297308527,2687.0,35.0,2800.0,4.50395534038284,-1.1984178638468643,858.4384702691474
